life_insurer,year,claims_pending_start_no,claims_pending_start_amt,claims_intimated_no,claims_intimated_amt,total_claims_no,total_claims_amt,claims_paid_no,claims_paid_amt,claims_repudiated_no,claims_repudiated_amt,claims_rejected_no,claims_rejected_amt,claims_unclaimed_no,claims_unclaimed_amt,claims_pending_end_no,claims_pending_end_amt,claims_paid_ratio_no,claims_paid_ratio_amt,claims_repudiated_rejected_ratio_no,claims_repudiated_rejected_ratio_amt,claims_pending_ratio_no,claims_pending_ratio_amt,category
ABSL,2021-22,7,1.6944806650000277,13518,675.2559034569999,13525,676.950384122,13470,666.77329184,52,7.782922282,0,0.0,0,0.0,3,2.39416999999999,0.9959334565619224,0.9849662655924192,0.0038447319778188,0.0114970350332165,0.0002218114602587,0.0035366993743643,Group Death Claims
Aegon,2021-22,0,0.0,361,76.06,361,76.06,361,76.03,0,0.0,0,0.0,0,0.0,0,0.0300000000000011,1.0,0.9996055745464107,0.0,0.0,0.0,0.0003944254535892,Group Death Claims
Ageas,2021-22,15,4.806673751399991,481,100.8266249033,496,105.63329865469998,446,89.0313663928,45,15.1815667019,0,0.0,0,0.0,5,1.4203655599999898,0.8991935483870968,0.8428342911436543,0.0907258064516129,0.1437195173798969,0.0100806451612903,0.0134461914764487,Group Death Claims
Aviva,2021-22,0,0.0,1347,68.63594090000001,1347,68.6309604,1345,68.4839409,1,0.15,1,0.002,0,0.0,0,-0.0049804999999868,0.9985152190051968,0.997857825402076,0.0014847809948032,0.0022147438869294,0.0,-7.256928900541529e-05,Group Death Claims
Baj Alz,2021-22,85,6.8678338,193169,1578.2510421906031,193254,1585.118875990603,192902,1553.4667594367572,181,22.8570066,0,0.0,0,0.0,171,8.79510995384587,0.998178562927546,0.9800317080105015,0.0009365912219151,0.0144197428635853,0.0008848458505386,0.005548549125913,Group Death Claims
Bharti Axa,2021-22,5,1.193382143,1802,145.061780234,1807,146.255162377,1779,143.27315592800002,28,2.982006449,0,0.0,0,0.0,0,-1.7763568394002505e-14,0.9845047039291644,0.9796109320140556,0.0154952960708356,0.0203890679859444,0.0,-1.2145600951994834e-16,Group Death Claims
Can HSBC,2021-22,1,0.02,10551,374.0344093100282,10552,374.0544093100282,10466,361.1798822429445,86,12.874527067,0,0.0,0,0.0,0,8.370371062937919e-11,0.9918498862774828,0.9655811380733842,0.008150113722517,0.034418861926392,0.0,2.2377415837385013e-13,Group Death Claims
Edelws,2021-22,0,0.0,2314,82.88322733199999,2314,82.88322733199999,2300,81.616184635,12,1.141542697,0,0.0,0,0.0,2,0.1254999999999937,0.9939498703543648,0.9847129179475036,0.0051858254105445,0.0137729035625916,0.0008643042350907,0.0015141784899046,Group Death Claims
Exide,2021-22,0,0.0,14363,324.17798300000004,14363,324.17798300000004,14363,324.177983,0,0.0,0,0.0,0,0.0,0,5.684341886080803e-14,1.0,0.9999999999999998,0.0,0.0,0.0,1.7534632776343731e-16,Group Death Claims
Fut Genli,2021-22,3,0.379,1644,226.2476827326923,1647,226.62668273269233,1575,216.40541773269229,69,9.502265,1,0.0,2,0.719,0,4.5630166312093934e-14,0.9562841530054644,0.9548982278840656,0.0425015179113539,0.0419291536434303,0.0,2.01345074471725e-16,Group Death Claims
HDFC,2021-22,723,69.12948704200032,358401,3248.874563304,359124,3318.004050346,358116,3165.266621946,812,144.0418761,196,8.6955523,0,0.0,0,2.3092638912203256e-13,0.9971931700471146,0.9539670759642164,0.0028068299528853,0.0460329240357836,0.0,6.959798288912627e-17,Group Death Claims
ICICI,2021-22,3634,120.73400955099991,239870,2414.496423277801,243504,2535.230432828801,238008,2297.0058921435,244,51.849836370999995,42,4.963271300000001,120,0.794438913282,5090,180.6169941010193,0.9774295288783758,0.9060343637404624,0.001174518693738,0.0224094452856532,0.0209031473815625,0.0712428313269683,Group Death Claims
Indiafirst,2021-22,0,0.0,27041,909.44554246,27041,909.44554246,26818,891.7495107860001,216,16.377707698,0,0.0,0,0.0,7,1.3183239759999843,0.991753263562738,0.9805419556775954,0.0079878702710698,0.018008453429437,0.000258866166192,0.0014495908929675,Group Death Claims
Industry,2021-22,11232,351.5182730333999,1424849,26572.27693495351,1436081,26923.790227486905,1418442,26043.23929708674,9087,549.2736156349,2062,51.60522901,134,2.1003045132820004,6356,278.4610210608973,0.9877172666444304,0.9672946890850012,0.0077634896638838,0.0223177657962679,0.0044259341917343,0.0103425639075367,Group Death Claims
Kotak,2021-22,427,28.183736099999972,128673,1723.4601365999847,129100,1751.6438726999847,128557,1695.317248728035,219,23.6726859,0,0.0,0,0.0,324,32.653938071949405,0.9957939581719596,0.9678435640658352,0.001696359411309,0.0135145541105401,0.0025096824167312,0.0186418818236246,Group Death Claims
LIC,2021-22,6200,99.66,222572,8217.0742357,228772,8316.7342357,222092,8189.135622400002,5967,91.6680173,0,0.0,0,0.0,713,35.93059599999785,0.9708006224537968,0.984657606016521,0.0260827373979333,0.0110221169394244,0.0031166401482698,0.0043202770440546,Group Death Claims
Max,2021-22,0,0.0,21110,785.2419939799998,21110,785.2419939799998,20985,751.2658363099997,121,25.827238336,0,0.0,0,0.0,4,8.148919334000134,0.9940786357176692,0.9567316089428788,0.005731880625296,0.0328908012230657,0.0001894836570345,0.0103775898340552,Group Death Claims
PNB Metlife,2021-22,3,1.225467381,26811,1118.843201114,26814,1120.068668495,26687,1097.9088909090003,124,20.313281325000005,0,0.0,0,0.0,3,1.8464962609997857,0.9952636682330126,0.9802156972966888,0.0046244499142239,0.0181357464023114,0.0001118818527634,0.0016485563009997,Group Death Claims
PVT.,2021-22,5032,251.8582730333999,1202277,18355.202699253507,1207309,18607.055991786907,1196350,17854.10367468674,3120,457.6055983349,2062,51.60522901,134,2.1003045132820004,5643,242.53042506089943,0.9909227877867224,0.9595340435675306,0.0042921903174746,0.0273665445823167,0.0046740312546332,0.0130343255358586,Group Death Claims
Pramerica,2021-22,34,7.99,17870,342.32000000000005,17904,350.31000000000006,17622,320.01,225,25.380000000000003,27,2.14,0,0.0,30,2.7800000000000655,0.9842493297587132,0.9135051811252888,0.0140750670241286,0.0785589906083183,0.0016756032171581,0.0079358282663928,Group Death Claims
Reliance,2021-22,2,0.05,589,28.046849615,591,28.096849615,588,28.035431432,0,0.0,0,0.0,2,0.05,1,0.0114181830000006,0.9949238578680204,0.9978140544637,0.0,0.0,0.0016920473773265,0.0004063865933889,Group Death Claims
SBI Life,2021-22,42,8.762716699999688,70438,2931.8416997281,70480,2940.6044164280997,68596,2846.635403647009,388,62.267216999999995,1483,29.660000000000004,10,0.5368656000000002,3,2.39416999999999,0.9732690124858115,0.9680443203254,0.0265465380249716,0.0312613340599081,4.256526674233825e-05,0.0008141761559714,Group Death Claims
SUD,2021-22,0,0.0,21835,546.156453238,21835,546.156453238,21448,532.254043602,85,7.902409636,302,6.0,0,0.0,0,1.5987211554602254e-14,0.9822761621250288,0.9745450052753624,0.0177238378749713,0.0254549947246374,0.0,2.9272219452537465e-17,Group Death Claims
Sahara,2021-22,0,0.0,0,0.0,0,0.0,0,0.0,0,0.0,0,0.0,0,0.0,0,0.0,0.0,0.0,0.0,0.0,0.0,0.0,Group Death Claims
Shriram,2021-22,51,0.8214859,48341,386.22874195200006,48392,387.0502278520001,48180,381.6056631219999,202,5.3001591999999995,10,0.14440541,0,0.0,0,1.2000013877022653e-07,0.9956191105967928,0.9859331829870877,0.0043808894032071,0.0140668167028747,0.0,3.1003763887748456e-10,Group Death Claims
Tata AIA,2021-22,0,0.0,1748,268.81249992500074,1748,268.81249992500074,1738,266.611149953,10,2.201349972,0,0.0,0,0.0,0,7.416289804496047e-13,0.994279176201373,0.9918108347914814,0.005720823798627,0.0081891652085159,0.0,2.758908088933813e-15,Group Death Claims
ABSL,2020-21,5,1.808475000000024,10796,355.596643489,10801,357.405118489,10767,353.049297461,27,2.6613403630000003,0,0.0,0,0.0,7,1.6944806650000364,0.996852143320063,0.9878126506793884,0.00249976853995,0.0074462849727819,0.000648088139987,0.0047410643478296,Group Death Claims
Aditya Birla Life,2020-21,5,1.808475000000024,10796,355.596643489,10801,357.405118489,10767,353.049297461,27,2.6613403630000003,0,0.0,0,0.0,7,1.6944806650000364,0.996852143320063,0.9878126506793884,0.00249976853995,0.0074462849727819,0.000648088139987,0.0047410643478296,Group Death Claims
Aegon,2020-21,0,0.0,263,36.69,263,36.69,263,36.69,0,0.0,0,0.0,0,0.0,0,0.0,1.0,1.0,0.0,0.0,0.0,0.0,Group Death Claims
Ageas,2020-21,2,0.365267594,348,55.40627731849999,350,55.77154491249999,308,42.0965122721,27,8.868358889,0,0.0,0,0.0,15,4.806673751399991,0.88,0.7548026926301799,0.0771428571428571,0.1590122508335312,0.0428571428571428,0.0861850565362889,Group Death Claims
Ageas Federal,2020-21,2,0.365267594,348,55.40627731849999,350,55.77154491249999,308,42.0965122721,27,8.868358889,0,0.0,0,0.0,15,4.806673751399991,0.88,0.7548026926301799,0.0771428571428571,0.1590122508335312,0.0428571428571428,0.0861850565362889,Group Death Claims
Aviva,2020-21,0,0.0,1279,35.3885595,1279,35.3885595,1277,35.0385595,2,0.35,0,0.0049805,0,0.0,0,-0.0049804999999985,0.9984362783424552,0.9901097980549336,0.0015637216575449,0.0100309395187447,0.0,-0.0001407375736782,Group Death Claims
Baj Alz,2020-21,136,3.1634735,156840,984.680813318,156976,987.844286818,156665,967.103584617373,226,13.872868499999996,0,0.0,0,0.0,85,6.8678337006269725,0.998018805422485,0.9790040773860867,0.001439710528998,0.0140435782087546,0.0005414840485169,0.0069523444051585,Group Death Claims
Bajaj Allianz,2020-21,136,3.1634735,156840,984.680813318,156976,987.844286818,156665,967.103584617373,226,13.872868499999996,0,0.0,0,0.0,85,6.8678337006269725,0.998018805422485,0.9790040773860867,0.001439710528998,0.0140435782087546,0.0005414840485169,0.0069523444051585,Group Death Claims
Bharti Axa,2020-21,4,0.4260487049999999,1019,78.89971187300002,1023,79.32576057800001,999,75.00933485600002,19,3.123043579,0,0.0,0,0.0,5,1.1933821429999911,0.9765395894428152,0.9455860783363595,0.0185728250244379,0.0393698535790167,0.0048875855327468,0.0150440680846237,Group Death Claims
Can HSBC,2020-21,1,0.02,5492,154.73762902999567,5493,154.75762902999568,5464,151.3513511579948,28,3.386277872,0,0.0,0,0.0,1,0.020000000000885,0.9947205534316402,0.9779895964202148,0.0050973966866921,0.0218811692400874,0.0001820498816675,0.0001292343396977,Group Death Claims
Canara HSBC OBC,2020-21,1,0.02,5492,154.73762902999567,5493,154.75762902999568,5464,151.3513511579948,28,3.386277872,0,0.0,0,0.0,1,0.020000000000885,0.9947205534316402,0.9779895964202148,0.0050973966866921,0.0218811692400874,0.0001820498816675,0.0001292343396977,Group Death Claims
Edelweiss Tokio,2020-21,0,0.0,1102,54.620461088,1102,54.620461088,1094,54.180746418,8,0.43971467,0,0.0,0,0.0,0,7.2164496600635185e-16,0.9927404718693283,0.991949634601371,0.0072595281306715,0.008050365398629,0.0,1.3211989639627844e-17,Group Death Claims
Edelws,2020-21,0,0.0,1102,54.620461088,1102,54.620461088,1094,54.180746418,8,0.43971467,0,0.0,0,0.0,0,7.2164496600635185e-16,0.9927404718693283,0.991949634601371,0.0072595281306715,0.008050365398629,0.0,1.3211989639627844e-17,Group Death Claims
Exide,2020-21,0,0.0004999999999739,10864,151.1737057,10864,151.17420569999996,10864,151.17,0,0.0,0,0.0,0,0.0,0,0.0042056999999715,1.0,0.9999721797777572,0.0,0.0,0.0,2.782022224292433e-05,Group Death Claims
Exide Life,2020-21,0,0.0004999999999739,10864,151.1737057,10864,151.17420569999996,10864,151.17,0,0.0,0,0.0,0,0.0,0,0.0042056999999715,1.0,0.9999721797777572,0.0,0.0,0.0,2.782022224292433e-05,Group Death Claims
Fut Genli,2020-21,4,0.2224072,1225,133.4425341,1229,133.66494129999998,1144,123.3207803,81,9.8238549,0,0.0,1,0.1413061,3,0.3789999999999849,0.9308380797396256,0.9226112629131122,0.065907241659886,0.0734961225019443,0.0024410089503661,0.0028354480712287,Group Death Claims
Future Generali,2020-21,4,0.2224072,1225,133.4425341,1229,133.66494129999998,1144,123.3207803,81,9.8238549,0,0.0,1,0.1413061,3,0.3789999999999849,0.9308380797396256,0.9226112629131122,0.065907241659886,0.0734961225019443,0.0024410089503661,0.0028354480712287,Group Death Claims
HDFC,2020-21,1163,32.607305133000075,274186,1926.77333474,275349,1959.380639873,273967,1780.6497163589995,659,109.601436472,0,0.0,0,0.0,723,69.12948704200032,0.9949809151295266,0.908781928392645,0.0023933262877293,0.0559367762657407,0.002625758582744,0.0352812953416142,Group Death Claims
HDFC Life,2020-21,1163,32.607305133000075,274186,1926.77333474,275349,1959.380639873,273967,1780.6497163589995,659,109.601436472,0,0.0,0,0.0,723,69.12948704200032,0.9949809151295266,0.908781928392645,0.0023933262877293,0.0559367762657407,0.002625758582744,0.0352812953416142,Group Death Claims
ICICI,2020-21,4830,37.84843654399798,174268,1037.6310019927423,179098,1075.4794385367404,175387,941.3502660056802,67,12.680207926,8,0.4109756,2,0.3039795706722999,3634,120.73400943438794,0.9792795006086054,0.8752842985882169,0.0004187651453394,0.0121724163725634,0.0202905671755128,0.1122606394025109,Group Death Claims
ICICI Prudential,2020-21,4830,37.84843654399798,174268,1037.6310019927423,179098,1075.4794385367404,175387,941.3502660056802,67,12.680207926,8,0.4109756,2,0.3039795706722999,3634,120.73400943438794,0.9792795006086054,0.8752842985882169,0.0004187651453394,0.0121724163725634,0.0202905671755128,0.1122606394025109,Group Death Claims
India First,2020-21,0,0.0,14875,430.91071751300007,14875,430.91071751300007,14736,421.90810606700006,139,9.002611445999998,0,0.0,0,0.0,0,5.3290705182007506e-15,0.990655462184874,0.9791079425966508,0.009344537815126,0.0208920574033492,0.0,1.2366994603795113e-17,Group Death Claims
Indiafirst,2020-21,0,0.0,14875,430.91071751300007,14875,430.91071751300007,14736,421.90810606700006,139,9.002611445999998,0,0.0,0,0.0,0,5.3290705182007506e-15,0.990655462184874,0.9791079425966508,0.009344537815126,0.0208920574033492,0.0,1.2366994603795113e-17,Group Death Claims
Industry,2020-21,25460,352.10423236999804,1081527,15330.33466271855,1106987,15682.438895088544,1091756,15029.687937056486,3038,287.24775105400005,942,12.1160909,19,1.8624744030562963,11232,351.5246416750049,0.9862410308341472,0.9583769487387266,0.003595344841448,0.0190891126027441,0.0101464606178753,0.0224151768756514,Group Death Claims
Industry Total,2020-21,25460,352.10373236999806,1081527,15330.33466271855,1106987,15682.438395088548,1091756,15029.691642756485,3038,287.24775105400005,942,12.1160909,19,1.8624744030562963,11232,351.5204359750047,0.9862410308341472,0.9583772155906258,0.003595344841448,0.0190891132113584,0.0101464606178753,0.0224149094113511,Group Death Claims
Kotak,2020-21,162,7.931335999999997,89635,899.4789701649265,89797,907.4103061649264,89283,865.978787565337,87,13.247782500000003,0,0.0,0,0.0,427,28.18373609958948,0.9942759780393554,0.9543409212810297,0.0009688519661013,0.0145995504018356,0.0047551699945432,0.0310595283171347,Group Death Claims
Kotak Mahindra,2020-21,162,7.931335999999997,89635,899.4789701649265,89797,907.4103061649264,89283,865.978787565337,87,13.247782500000003,0,0.0,0,0.0,427,28.18373609958948,0.9942759780393554,0.9543409212810297,0.0009688519661013,0.0145995504018356,0.0047551699945432,0.0310595283171347,Group Death Claims
LIC,2020-21,19070,256.58,201250,5751.883197499999,220320,6008.463197499999,213267,5899.43,853,9.37,0,0.0,0,0.0,6200,99.663197499999,0.9679874727668846,0.9818533967978093,0.0038716412490922,0.0015594669871488,0.0281408859840232,0.0165871362150419,Group Death Claims
Max,2020-21,0,0.0,14340,400.893356803,14340,400.893356803,14236,380.774734296,104,20.118621945,0,0.0,0,0.0,0,5.619999399186781e-07,0.992747559274756,0.9498155253371128,0.007252440725244,0.0501844732610182,0.0,1.4018689269397058e-09,Group Death Claims
Max Life,2020-21,0,0.0,14340,400.893356803,14340,400.893356803,14236,380.774734296,104,20.118621945,0,0.0,0,0.0,0,5.619999399186781e-07,0.992747559274756,0.9498155253371128,0.007252440725244,0.0501844732610182,0.0,1.4018689269397058e-09,Group Death Claims
PNB Met Life,2020-21,0,0.0,16706,388.4451333889998,16706,388.4451333889998,16648,380.2898965819997,55,6.929769426000001,0,0.0,0,0.0,3,1.225467381000107,0.9965281934634264,0.9790054344719176,0.003292230336406,0.0178397637924847,0.0001795762001676,0.0031548017355977,Group Death Claims
PNB Metlife,2020-21,0,0.0,16706,388.4451333889998,16706,388.4451333889998,16648,380.2898965819997,55,6.929769426000001,0,0.0,0,0.0,3,1.225467381000107,0.9965281934634264,0.9790054344719176,0.003292230336406,0.0178397637924847,0.0001795762001676,0.0031548017355977,Group Death Claims
PVT.,2020-21,6390,95.52423236999805,880277,9578.45146521855,886667,9673.975697588545,878489,9130.257937056484,2185,277.87775105400004,942,12.1160909,19,1.8624744030562963,5032,251.8614441750059,0.9907766951967312,0.9437958314627984,0.0035266904034998,0.0299766973806113,0.0056751858363963,0.0260349469595822,Group Death Claims
Pramerica,2020-21,36,5.5301932,37882,298.79121945200006,37918,304.32141265200005,37649,278.72712824499996,214,15.596303007,21,2.0034749,0,0.0,34,7.994506500000089,0.9929057439738382,0.9158971950611052,0.0061975842607732,0.0578328608349548,0.0008966717653884,0.0262699441039399,Group Death Claims
Pramerica Life,2020-21,36,5.5301932,37882,298.79121945200006,37918,304.32141265200005,37649,278.72712824499996,214,15.596303007,21,2.0034749,0,0.0,34,7.994506500000089,0.9929057439738382,0.9158971950611052,0.0061975842607732,0.0578328608349548,0.0008966717653884,0.0262699441039399,Group Death Claims
Private Total,2020-21,6390,95.52373236999809,880277,9578.45146521855,886667,9673.975197588548,878489,9130.261642756484,2185,277.87775105400004,942,12.1160909,19,1.8624744030562963,5032,251.85723847500577,0.9907766951967312,0.9437962633016058,0.0035266904034998,0.0299766989299587,0.0056751858363963,0.0260345135614764,Group Death Claims
Reliance,2020-21,2,0.1110612939999999,540,11.255924312,542,11.366985606000002,540,11.317546486,0,0.0,0,0.0,0,0.0,2,0.0494391200000023,0.996309963099631,0.9956506393415412,0.0,0.0,0.003690036900369,0.0043493606584586,Group Death Claims
Reliance Nippon,2020-21,2,0.1110612939999999,540,11.255924312,542,11.366985606000002,540,11.317546486,0,0.0,0,0.0,0,0.0,2,0.0494391200000023,0.996309963099631,0.9956506393415412,0.0,0.0,0.003690036900369,0.0043493606584586,Group Death Claims
SBI Life,2020-21,11,3.8157412,36465,1536.6967180403838,36476,1540.5124592403838,36109,1489.568207808,309,40.764346,0,0.0,16,1.4171887323839965,42,8.762716699999915,0.9899385897576488,0.966930321707684,0.0084713236100449,0.0264615490484904,0.0011514420440837,0.0056881829468102,Group Death Claims
SUD,2020-21,7,0.1741152,9419,208.68370889099992,9426,208.8578240909999,8515,197.791416991,23,1.6463740999999996,888,9.420033,0,0.0,0,-9.237055564881302e-14,0.9033524294504562,0.9470146395129624,0.0966475705495438,0.0529853604870379,0.0,-4.422652397669666e-16,Group Death Claims
Sahara,2020-21,0,0.0,0,0.0,0,0.0,0,0.0,0,0.0,0,0.0,0,0.0,0,0.0,0.0,0.0,0.0,0.0,0.0,,Group Death Claims
Sahara Life,2020-21,0,0.0,0,0.0,0,0.0,0,0.001,0,0.0,0,0.0,0,0.0,0,-0.001,0.0,0.0,0.0,0.0,0.0,0.0,Group Death Claims
Shriram,2020-21,27,1.4998718,21700,191.59131109,21727,193.09118289,21548,186.805177714,103,5.1878924,25,0.2766269,0,0.0,51,0.8214858760000033,0.9917614028627976,0.9674454054197752,0.0058912873383347,0.0283002010667313,0.0023473097988677,0.0042543935134935,Group Death Claims
Star Union,2020-21,7,0.1741152,9419,208.68370889099992,9426,208.8578240909999,8515,197.791416991,23,1.6463740999999996,888,9.420033,0,0.0,0,-9.237055564881302e-14,0.9033524294504562,0.9470146395129624,0.0966475705495438,0.0529853604870379,0.0,-4.422652397669666e-16,Group Death Claims
Tata AIA,2020-21,0,0.0,1033,206.66373341399964,1033,206.66373341399964,1026,206.0867863549993,7,0.576947059,0,0.0,0,0.0,0,3.322897512703094e-13,0.9932236205227492,0.9972082810589482,0.0067763794772507,0.0027917189410501,0.0,1.6078764560236076e-15,Group Death Claims
Aditya Birla Life,2019-20,15,4.03855130000001,10524,233.196592475,10539,237.235143775,10519,233.959562261,15,1.467106514,0,0.0,0,0.0,5,1.8084750000000096,0.9981022867444728,0.9861926801321363,0.0014232849416453,0.0061841870924125,0.0004744283138817,0.0076231327754509,Group Death Claims
Aegon,2019-20,0,0.0,137,16.498740390000002,137,16.498740390000002,137,16.498740390000002,0,0.0,0,0.0,0,0.0,0,0.0,1.0,1.0,0.0,0.0,0.0,0.0,Group Death Claims
Ageas Federal,2019-20,0,0.0,969,16.238379349,969,16.238379349,957,13.669937615,10,2.20317414,0,0.0,0,0.0,2,0.3652675939999987,0.9876160990712074,0.8418289363243525,0.0103199174406604,0.13567697198401,0.002063983488132,0.0224940916916374,Group Death Claims
Aviva,2019-20,0,0.0,799,14.2052242,799,14.2052242,796,14.0432423,2,0.1570014,1,0.0049805,0,0.0,0,6.652664530371055e-16,0.9962453066332916,0.9885970191163896,0.0037546933667083,0.0114029808836104,0.0,4.6832520463640804e-17,Group Death Claims
Bajaj Allianz,2019-20,172,0.907179185,178064,915.8231495377692,178236,916.7303287227692,177914,904.2955475329233,177,9.2452177,8,0.02359,1,0.0025,136,3.163473489846149,0.9981934064947596,0.9864357261887792,0.0010379496846877,0.0101107243969049,0.0007630332817163,0.0034508223309832,Group Death Claims
Bharti Axa,2019-20,1,0.2643068,413,41.88307307899999,414,42.14737987899999,400,40.45325993799999,10,1.268071236,0,0.0,0,0.0,4,0.4260487050000039,0.966183574879227,0.9598048574819212,0.0241545893719806,0.0300865970705765,0.0096618357487922,0.010108545447502,Group Death Claims
Canara HSBC OBC,2019-20,1,0.5,3723,90.693041116,3724,91.193041116,3701,87.13658017899999,22,2.93931465,0,1.097146287,0,0.0,1,0.0199999999999971,0.9938238453276048,0.9555178675109642,0.005907626208378,0.0442628175089096,0.0002685284640171,0.0002193149801261,Group Death Claims
Edelweiss Tokio,2019-20,0,0.0,445,44.95,445,44.95,420,43.12,25,1.83,0,0.0,0,0.0,0,-1.7763568394002505e-15,0.9438202247191012,0.9592880978865408,0.0561797752808988,0.0407119021134594,0.0,-3.9518505882096786e-17,Group Death Claims
Exide Life,2019-20,0,-6.234596172660645e-15,7980,124.74976664,7980,124.74976664,7980,124.74926664000002,0,0.0,0,0.0,0,0.0,0,0.0004999999999739,1.0,0.9999959919764706,0.0,0.0,0.0,4.0080235293493915e-06,Group Death Claims
Future Generali,2019-20,5,0.41,1496,103.667053127,1501,104.077053127,1438,98.288128127,59,5.5665178,0,0.0,0,0.0,4,0.2224072000000063,0.9580279813457696,0.9443784693544688,0.039307128580946,0.0534845831309948,0.0026648900732844,0.0021369475145363,Group Death Claims
HDFC Life,2019-20,524,12.64178169999994,265649,1575.6586476810005,266173,1588.3004293810002,264621,1512.415669848,389,43.2774544,0,0.0,0,0.0,1163,32.607305133000075,0.99416920574213,0.9522226663613168,0.0014614555195305,0.027247650129306,0.0043693387383393,0.0205296835093773,Group Death Claims
ICICI Prudential,2019-20,1174,12.35511633599894,99519,559.860917293721,100693,572.2160336297198,95833,529.068826284413,22,4.437330019,8,0.8495526,0,0.0118881753868,4830,37.848436550920006,0.9517344800532312,0.9245962978848872,0.0002979353083133,0.0092393122671937,0.0479675846384555,0.0661436141710976,Group Death Claims
India First,2019-20,0,0.0,969,16.238379349,969,16.238379349,957,13.669937615,10,2.20317414,0,0.0,0,0.0,2,0.3652675939999987,0.9876160990712074,0.8418289363243525,0.0103199174406604,0.13567697198401,0.002063983488132,0.0224940916916374,Group Death Claims
Industry Total,2019-20,3168,50.26987438339361,1022814,11784.07460662842,1025982,11834.344481011813,997932,11306.09422900446,2046,169.77990452499998,497,5.1735167870000005,47,1.1889492786657705,25460,352.107881416691,0.972660339070276,0.9553629478290976,0.0024786009891011,0.0147835329276338,0.0248152501700809,0.0297530532410686,Group Death Claims
Kotak Mahindra,2019-20,176,1.744478750999996,72655,660.7609048579454,72831,662.5053836089454,72334,632.9273728091105,335,21.6466748,0,0.0,0,0.0,162,7.931335999834943,0.9931759827545964,0.9553543087624268,0.0045996896925759,0.0326739605979976,0.0022243275528277,0.0119717306395755,Group Death Claims
LIC,2019-20,788,7.4807428,217196,4872.6452779,217984,4880.1260207000005,198532,4621.71872419991,382,1.8245,0,0.0,0,0.0,19070,256.5827965000905,0.9107640927774516,0.947049052544134,0.0017524221961244,0.000373863296206,0.0874834850264239,0.0525770841596599,Group Death Claims
Max Life,2019-20,0,0.0,12849,236.151552323,12849,236.151552323,12788,226.46155670600004,61,9.689995616999996,0,0.0,0,0.0,0,-6.039613253960853e-14,0.9952525488364852,0.9589670467050486,0.0047474511635146,0.0410329532949516,0.0,-2.557515796339156e-16,Group Death Claims
PNB Met Life,2019-20,0,0.0,4890,212.751693999,4890,212.751693999,4857,207.803081456,31,4.685049968,0,0.0,2,0.263562575,0,-4.551914400963142e-15,0.9932515337423312,0.9767399617366936,0.0063394683026584,0.0220212111120582,0.0,-2.1395431995876552e-17,Group Death Claims
Pramerica Life,2019-20,260,6.670444538000001,71908,369.82251780700005,72168,376.4929623450001,71858,348.317220228,229,21.712051737,19,0.8128212,26,0.12067601,36,5.530193170000084,0.995704467353952,0.9251626326784266,0.0034364261168384,0.059828138079137,0.0004988360492184,0.0146887026401637,Group Death Claims
Private Total,2019-20,2380,42.78913158339361,805618,6911.42932872842,807998,6954.218460311814,799400,6684.375504804548,1664,167.95540452499998,497,5.1735167870000005,47,1.1889492786657705,6390,95.52508491660043,0.9893588845516944,0.961197227690318,0.0026745115705731,0.0248955252556499,0.0079084354169193,0.0137362789883246,Group Death Claims
Reliance Nippon,2019-20,4,0.1446624389999989,3183,25.071230745,3187,25.215893184,3163,23.77325999,10,1.2203688,9,0.1037031,3,0.0075,2,0.111061293999999,0.9924694069657986,0.9427887331425016,0.0059617194854094,0.0525094189739093,0.0006275494195167,0.0044044164206116,Group Death Claims
SBI Life,2019-20,14,0.7123529813947612,27764,938.7788785739842,27778,939.491231555379,27466,907.7283580371,284,27.1641098,2,0.0002000000000004,15,0.7828225182789705,11,3.815741200000121,0.9887680898552812,0.9661914103597392,0.0102959176326589,0.0289138513352892,0.0003959968320253,0.0040614974060832,Group Death Claims
Sahara Life,2019-20,0,0.0,1,0.001,1,0.001,1,0.001,0,0.0,0,0.0,0,0.0,0,0.0,0.0,0.0,0.0,0.0,0.0,0.0,Group Death Claims
Shriram,2019-20,31,1.6416661,24252,193.294513734,24283,194.936179834,24368,188.858977136,-164,3.0958078,52,1.4815231,0,0.0,27,1.4998717980000076,1.0035003912201952,0.9688246548015094,-0.0046122801960219,0.0234811767825648,0.0011118889758267,0.0076941684159258,Group Death Claims
Star Union,2019-20,2,0.0400000009999999,6031,124.79245179999998,6033,124.83245180099998,5614,123.323536401,14,0.5348002000000001,398,0.8,0,0.0,7,0.1741151999999779,0.9305486490966351,0.9879124748554536,0.0682910658047405,0.0106927339865746,0.0011602850986242,0.0013947911579718,Group Death Claims
Tata AIA,2019-20,0,0.0,533,127.5,533,127.5,527,127.18,6,0.32,0,0.0,0,0.0,0,-6.827871601444713e-15,0.9887429643527204,0.9974901960784316,0.0112570356472795,0.0025098039215686,0.0,-5.355193412897814e-17,Group Death Claims
Aditya Birla Life,2018-19,23,3.588579,8822,205.84455442899997,8845,209.433133429,8817,204.281135764,13,1.1134463650000002,0,0.0,0,0.0,15,4.038551299999982,0.9968343697003956,0.9754002741560156,0.0014697569248162,0.0053164766566292,0.001695873374788,0.019283249187355,Group Death Claims
Aegon,2018-19,0,0.0,74,6.3024,74,6.3024,74,6.3024,0,0.0,0,0.0,0,0.0,0,8.881784197001252e-16,1.0,1.0,0.0,0.0,0.0,1.4092701505777563e-16,Group Death Claims
Ageas Federal,2018-19,0,0.0,1241,24.406141306,1241,24.406141306,1231,22.192692516,10,2.2134488,0,0.0,0,0.0,0,-1.0000002603760551e-08,0.991941982272361,0.9093077122578224,0.008058017727639,0.0906922881519106,0.0,-4.097330453996081e-10,Group Death Claims
Aviva,2018-19,0,0.0,888,16.149783114999998,888,16.149783114999998,882,15.99895341,0,0.0,6,0.1508297,0,0.0,0,4.999999581034586e-09,0.9932432432432432,0.990660573957807,0.0067567567567567,0.0093394257325913,0.0,3.0960165504579207e-10,Group Death Claims
Bajaj Allianz,2018-19,448,5.4881641861538295,170885,736.6561897940861,171333,742.14435398024,170800,726.2586260700199,210,13.4186871,147,1.529960908,4,0.02990070222,172,0.9071792000001122,0.9968890990060292,0.9785948275089308,0.002083661641365,0.0201425072195563,0.0010038930036828,0.0012223756673951,Group Death Claims
Bharti Axa,2018-19,6,3.362208215,351,36.617670188999995,357,39.979878404,352,38.98051396099999,4,0.735057643,0,0.0,0,0.0,1,0.2643068000000046,0.9859943977591036,0.9750033145948732,0.011204481792717,0.0183856898105637,0.0028011204481792,0.0066109955945629,Group Death Claims
Canara HSBC OBC,2018-19,0,0.0,2485,62.998885574,2485,62.998885574,2465,59.663579182,18,2.521754326000001,1,0.3135520659999999,0,0.0,1,0.4999999999999989,0.9919517102615694,0.947057692185963,0.007645875251509,0.0450056594837631,0.0004024144869215,0.0079366483302738,Group Death Claims
Edelweiss Tokio,2018-19,0,0.0,1021,38.39,1021,38.39,1011,37.22,10,1.17,0,0.0,0,0.0,0,1.7763568394002505e-15,0.990205680705191,0.9695233133628548,0.009794319294809,0.030476686637145,0.0,4.62713425214965e-17,Group Death Claims
Exide Life,2018-19,0,0.0,4174,127.444199,4174,127.444199,4173,127.441219,1,0.00298,0,0.0,0,0.0,0,-6.234596172660645e-15,0.999760421657882,0.9999766172173912,0.0002395783421178,2.3382782609038173e-05,0.0,-4.8920203678008476e-17,Group Death Claims
Future Generali,2018-19,44,7.42139,879,64.879714337,923,72.301104337,871,66.63472633699999,39,2.9736952,8,2.2826828,0,0.0,5,0.410000000000009,0.943661971830986,0.9216280573863898,0.0509209100758396,0.0727012131861733,0.0054171180931744,0.0056707294274368,Group Death Claims
HDFC Life,2018-19,321,10.5211692,163196,954.0760856,163517,964.5972548,162383,905.3393746,610,46.61609849999999,0,0.0,0,0.0,524,12.64178169999994,0.9930649412599302,0.9385672311370132,0.0037304989695261,0.0483270072229942,0.0032045597705437,0.0131057616399925,Group Death Claims
ICICI Prudential,2018-19,21,0.6437813449999613,21109,263.260398892999,21130,263.90418023799896,19917,247.895419035,12,2.421738767,27,1.2319061,0,0.0,1174,12.355116335998954,0.9425934690014198,0.9393387357920528,0.0018457169900615,0.0138445888341177,0.0555608140085186,0.0468166753738293,Group Death Claims
India First,2018-19,3,0.09,9208,232.594911028,9211,232.684911028,8711,217.047534902,265,10.305326174,234,4.6134585,0,0.0,1,0.7185914520000214,0.9457170774074476,0.932795916774688,0.0541743567473672,0.0641158234459163,0.0001085658451851,0.0030882597793956,Group Death Claims
Industry Total,2018-19,1422,47.00392635015383,868620,9870.742268918706,870042,9917.74619526886,862452,9689.62217029592,2759,160.28233092899998,1639,16.960596032,24,0.6107617815461385,3168,50.27033623039424,0.9912762832139138,0.976998400596119,0.0050549283827677,0.0178712908629938,0.0036412035281055,0.0050687258214346,Group Death Claims
Kotak Mahindra,2018-19,6,2.8461905180000473,53350,515.4961577490001,53356,518.3423482670001,52875,490.2807153739995,305,26.317154142,0,0.0,0,0.0,176,1.7444787510006492,0.9909850813404304,0.9458627430561664,0.0057163205637604,0.0507717616165984,0.0032985980958092,0.003365495327235,Group Death Claims
LIC,2018-19,360,5.64,258618,4598.91,258978,4604.55,258149,4596.52,41,0.55,0,0.0,0,0.0,788,7.4799999999997455,0.9967989558958676,0.998256072797559,0.0001583146058738,0.0001194470686603,0.0030427294982585,0.0016244801337806,Group Death Claims
Max Life,2018-19,0,0.0,9675,164.482940948,9675,164.482940948,9605,155.03487605300003,69,9.428064897,1,0.02,0,0.0,0,-2.000039672073184e-09,0.992764857881137,0.9425589982733412,0.007235142118863,0.0574410017388182,0.0,-1.2159556854625314e-11,Group Death Claims
PNB Met Life,2018-19,6,0.7636877419999881,1678,152.740868631,1684,153.504556373,1664,150.693948558,20,2.810607815,0,0.0,0,0.0,0,2.5757174171303632e-14,0.98812351543943,0.981690394855964,0.01187648456057,0.0183096051440357,0.0,1.6779419959832588e-16,Group Death Claims
Pramerica Life,2018-19,29,3.466216299999991,78715,317.255653678,78744,320.721869978,78255,304.91,207,9.0281993,22,0.11,0,0.0,260,6.673670677999946,0.9937900030478511,0.9506991213942332,0.0029081580818856,0.0284925979654173,0.0033018388702631,0.0208082806403496,Group Death Claims
Private Total,2018-19,1062,41.36392635015383,610002,5271.832268918706,611064,5313.196195268861,604303,5093.102170295921,2718,159.73233092899997,1639,16.960596032,24,0.6107617815461385,2380,42.79033623039449,0.9889356924970216,0.9585759650342062,0.0071301860361598,0.0332554869926196,0.0038948457117421,0.0080535961138602,Group Death Claims
Reliance Nippon,2018-19,63,0.5269855,6434,44.3149061309,6497,44.8418916309,5608,40.7576036339,8,1.4183151,876,2.461110458,1,0.0602,4,0.1446624390000042,0.8631676158226874,0.9089180262371988,0.1360627982145605,0.0865134234285231,0.0006156687702016,0.0032260556755888,Group Death Claims
SBI Life,2018-19,28,1.1284922000000166,37568,891.2930681177211,37596,892.4215603177211,37330,870.451430257,237,20.817116,0,0.0,15,0.4406610793261385,14,0.7123529813949525,0.9929247792318332,0.9753814441093296,0.0063038621129907,0.0233265498343503,0.0003723800404298,0.00079822475506,Group Death Claims
Sahara Life,2018-19,1,0.001,5,0.01495486,6,0.01595486,6,0.01595486,0,0.0,0,0.0,0,0.0,0,0.0,0.0,0.0,0.0,0.0,0.0,0.0,Group Death Claims
Shriram,2018-19,60,1.4560621439999966,32314,201.3423563,32374,202.798418444,31622,193.289016044,670,5.8006408,51,2.0670955,0,0.0,31,1.6416660999999988,0.9767714832890592,0.953109089937869,0.0222709581763143,0.0387958464388743,0.0009575585346265,0.0080950636232566,Group Death Claims
Star Union,2018-19,3,0.060000000000001,5444,121.08595298699998,5447,121.145952987,5165,118.22797448700004,10,0.62,266,2.18,4,0.08,2,0.0379784999999466,0.9482283825959243,0.9759135288628826,0.0506700936295208,0.0231126168969133,0.0003671745915182,0.000313493757435,Group Death Claims
Tata AIA,2018-19,0,0.0,486,94.184476252,486,94.184476252,486,94.184476252,0,0.0,0,0.0,0,0.0,0,0.0,1.0,1.0,0.0,0.0,0.0,0.0,Group Death Claims
Aditya Birla Life,2017-18,0,0.0,4623,194.860451117,4623,194.860451117,4593,190.425930417,7,0.8459417,0,0.0,23,3.588578999999979,15,4.038551299999982,0.9935107073329008,0.9772425821936676,0.0015141682889898,0.0043412693296705,0.0032446463335496,0.0207253512801072,Group Death Claims
Aegon,2017-18,0,0.0,13,0.3907,13,0.3907,13,0.3907,0,0.0,0,0.0,0,0.0,0,8.881784197001252e-16,1.0,1.0,0.0,0.0,0.0,2.2733002807784113e-15,Group Death Claims
Ageas Federal,2017-18,1,0.2325742,1297,28.166293116,1298,28.398867315999997,1290,27.457686716,8,0.9411806,0,0.0,0,-4.440892098500626e-15,0,-1.0000002603760551e-08,0.9938366718027736,0.966858516238437,0.0061633281972265,0.0331414837615631,0.0,-3.5212681169599044e-10,Group Death Claims
Aviva,2017-18,0,0.0,492,8.873252285000001,492,8.873252285000001,490,8.7253382,2,0.1479141,0,0.0,0,-1.4999998187992247e-08,0,4.999999581034586e-09,0.9959349593495936,0.9833303415422948,0.0040650406504065,0.0166696601481786,0.0,5.634912003445403e-10,Group Death Claims
Bajaj Allianz,2017-18,0,0.0,198220,788.0200971301949,198220,788.0200971301949,197425,771.8966174570412,330,10.149764912,17,0.4855488,448,5.488165961153724,172,0.9071792000001122,0.9959893048128342,0.9795392532095664,0.0017505801634547,0.0134962467971712,0.0008677227323176,0.0011512132790824,Group Death Claims
Bharti Axa,2017-18,3,1.7558658,298,31.582470778,301,33.338336578,291,29.550993763,4,0.4251346,0,0.0,6,3.3622082150000026,1,0.2643068000000046,0.9667774086378738,0.8863967670930747,0.0132890365448504,0.0127521239401172,0.0033222591362126,0.0079280140261833,Group Death Claims
Canara HSBC OBC,2017-18,1,0.347086815,937,23.616348675,938,23.96343549,928,22.709627179999995,10,1.2538083099999997,0,0.0,0,3.9968028886505635e-15,1,0.4999999999999989,0.9893390191897654,0.9476782738216638,0.0106609808102345,0.052321726178336,0.0010660980810234,0.0208651217897638,Group Death Claims
Edelweiss Tokio,2017-18,0,0.0,2068,37.894593983,2068,37.894593983,2068,37.89,0,0.0,0,0.0,0,0.0045939829999994,0,1.7763568394002505e-15,1.0,0.9998787694360292,0.0,0.0,0.0,4.687625998043803e-17,Group Death Claims
Exide Life,2017-18,0,0.0,1585,89.85218055,1585,89.85218055,1585,89.85218055,0,0.0,0,0.0,0,0.0,0,-6.234596172660645e-15,1.0,1.0,0.0,0.0,0.0,-6.938725509495322e-17,Group Death Claims
Future Generali,2017-18,75,9.0717901,784,57.03608804,859,66.10787814,767,55.70672514,48,2.9797629,0,0.0,44,7.421390100000001,5,0.410000000000009,0.8928987194412107,0.8426639412329503,0.0558789289871944,0.045074248090214,0.0058207217694994,0.0062019839622099,Group Death Claims
HDFC Life,2017-18,0,0.0,73481,529.1899823,73481,529.1899823,72946,497.2106409,214,21.4547219,0,0.0,321,10.52461950000001,524,12.64178169999994,0.9927192063254446,0.939569261570279,0.0029123174698221,0.0405425699986838,0.0071310951130224,0.0238889285943309,Group Death Claims
ICICI Prudential,2017-18,10,1.559406738999964,2683,136.206383476,2693,137.76579021499998,2665,135.45631302371393,3,0.1085379,4,1.55657457664384,21,0.6443647146422096,1174,12.355116335998954,0.9896026735982176,0.9832362069880932,0.0025993316004456,0.0120865453901526,0.4359450427033048,0.089682034391247,Group Death Claims
India First,2017-18,6,0.15,9286,205.29,9292,205.44000000000003,8579,187.67509534,710,17.685864711,0,0.0,3,0.0790399490000126,1,0.7185914520000214,0.9232673267326732,0.9135275279400312,0.0764098148945329,0.0860877371057242,0.0001076194575979,0.0034978166471963,Group Death Claims
Industry Total,2017-18,1887,37.295535612861315,763913,7738.349939178805,765800,7775.645474791665,761379,7616.620148491755,2693,106.3668590668616,306,5.468878927254238,1422,47.18958830579592,3168,50.27033623039424,0.9942269522068424,0.9795482797131808,0.0039161661008096,0.0143828236969757,0.0041368503525724,0.0064651013724029,Group Death Claims
Kotak Mahindra,2017-18,19,1.5080076140000076,48700,426.4060826130001,48719,427.9140902270001,48572,415.546775222,141,9.521124487,0,2.4028122425079343e-14,6,2.846190518000056,176,1.7444787510006492,0.9969826966891768,0.971098602996598,0.0028941480736468,0.0222500840810108,0.0036125536238428,0.0040767032234793,Group Death Claims
LIC,2017-18,706,7.47,283969,3535.79,284675,3543.26,284103,3536.2,45,0.32,167,1.1,360,5.6399999999999455,788,7.4799999999997455,0.9979906911390182,0.9980074846327958,0.0007447088785457,0.0004007608812223,0.0027680688504434,0.0021110502757347,Group Death Claims
Max Life,2017-18,0,0.0,8011,118.08165427799996,8011,118.08165427799996,7932,108.65815669999998,79,9.423497578,0,0.0,0,-5.3290705182007506e-15,0,-2.000039672073184e-09,0.990138559480714,0.9201950748774722,0.0098614405192859,0.0798049251225277,0.0,-1.693776805806332e-11,Group Death Claims
PNB Met Life,2017-18,4,0.353121135,1310,145.0267950969999,1314,145.3799162319999,1264,141.524081172,39,2.9082140670000003,5,0.183933251,6,0.7636877419999184,0,2.5757174171303632e-14,0.9619482496194824,0.9734775259201092,0.0334855403348554,0.0212694256410596,0.0,1.7717147484250758e-16,Group Death Claims
Pramerica Life,2017-18,24,3.3166503,48467,191.827634273,48491,195.144284573,48236,186.265046173,226,5.4130221,0,0.0,29,3.4662162999999913,260,6.673670677999946,0.9947412921985525,0.9544991111606016,0.0046606586789301,0.0277385633499047,0.0053618197191231,0.0341986479009762,Group Death Claims
Private Total,2017-18,1181,29.825535612861312,479944,4202.5599391788055,481125,4232.385474791666,477276,4080.4201484917544,2648,106.0468590668616,139,4.368878927254238,1062,41.54958830579598,2380,42.79033623039449,0.992,0.9640946394875832,0.0057926734216679,0.0260882990577674,0.0049467394128345,0.0101102171541926,Group Death Claims
Reliance Nippon,2017-18,1,0.015190394,7330,38.480007883999995,7331,38.495198278,7262,37.34419244,6,0.4360278439999999,0,0.0,63,0.7149779939999962,4,0.1446624390000042,0.9905879143363796,0.9701000153398924,0.0008184422316191,0.011326811225939,0.0005456281544127,0.0037579346378553,Group Death Claims
SBI Life,2017-18,45,1.0824828000000508,33087,787.3621838106103,33132,788.4446666106104,32915,771.7686897159999,177,15.3697909,12,0.1776937946103748,28,1.1284922000000963,14,0.7123529813949525,0.993450440661596,0.9788495279366938,0.0057044549076421,0.0197191830359464,0.0004225522153809,0.0009034914072755,Group Death Claims
Sahara Life,2017-18,0,0.0,8,0.017859069,8,0.017859069,7,0.016859069,0,0.0,0,0.0,1,0.001,0,0.0,0.0,0.0,0.0,0.0,0.0,0.0,Group Death Claims
Shriram,2017-18,990,10.41167648300001,31779,169.6243671,32769,180.036043583,32424,172.663253039,285,5.9167284,0,0.0,60,1.456062143999997,31,1.6416660999999988,0.989471756843358,0.9590482527983292,0.0086972443467911,0.032864132549504,0.0009460160517562,0.0091185413061088,Group Death Claims
Star Union,2017-18,2,0.0216832328612829,4908,102.615811328,4910,102.63749456086128,4448,99.57552916499968,358,1.0368368908616046,101,1.965128505,3,0.0600000000000009,2,0.0379784999999466,0.9059063136456212,0.9701671849165614,0.0934826883910387,0.0292482333937089,0.00040733197556,0.000370025595056,Group Death Claims
Tata AIA,2017-18,0,0.0,577,92.138702276,577,92.138702276,576,92.109717109,1,0.028985167,0,0.0,0,1.8665624601510444e-15,0,0.0,0.9982668977469672,0.99968541811113,0.0017331022530329,0.0003145818888698,0.0,0.0,Group Death Claims
